id,data,titulo,fonte,categoria,resumo,selecao_relacionada,grupo_relacionado
1,2026-06-11,EUA vencem Marrocos em jogo eletrizante na abertura do Grupo A,Copa Pulse News,resultado,Os Estados Unidos venceram Marrocos por 2x1 no Rose Bowl em jogo tenso. Pulisic marcou duas vezes e garantiu os três pontos para o país anfitrião.,USA,A
2,2026-06-11,Japão e Uruguai empatam em jogo equilibrado,Copa Pulse News,resultado,Japão e Uruguai ficaram no 1x1 em duelo sem vencedor. Ambas as seleções seguem na briga pela classificação do Grupo A.,Japan,A
3,2026-06-11,México estreia com vitória suada sobre a Sérvia no Azteca,Copa Pulse News,resultado,Em casa e com 87 mil pessoas no Estadio Azteca, o México venceu a Sérvia por 1x0. Gol da vitória saiu nos acréscimos.,Mexico,B
4,2026-06-11,Colômbia surpreende e vence Costa do Marfim por 2x1 em Miami,Copa Pulse News,resultado,James Rodríguez foi decisivo com uma assistência e um gol no segundo tempo. Colômbia estreia com vitória no Grupo B.,Colombia,B
5,2026-06-12,Brasil goleia Arábia Saudita por 3x1 em estreia dominante,Copa Pulse News,resultado,Com dois gols de Vinicius Jr. e um de Rodrygo, Brasil mostrou força total no MetLife Stadium. Arábia Saudita diminuiu no final.,Brazil,D
6,2026-06-12,França domina África do Sul e estreia com vitória tranquila,Copa Pulse News,resultado,Com Mbappé afiado, a França controlou o jogo do início ao fim e venceu por 2x0. África do Sul pouco criou.,France,E
7,2026-06-12,Argentina atropela Gana com autoridade em Miami,Copa Pulse News,resultado,Campeã em defesa do título, a Argentina mostrou serviço: 2x0 em Gana com golaços de Messi e Lautaro Martínez.,Argentina,F
8,2026-06-13,Espanha goleia Iraque na estreia do Grupo G no Rose Bowl,Copa Pulse News,resultado,Com Yamal como destaque, a Espanha dominou o Iraque do início ao fim: 3x1. Gol de honra do Iraque emocionou a torcida.,Spain,G
9,2026-06-14,Portugal goleia Bolívia com hat-trick polêmico de Cristiano Ronaldo,Copa Pulse News,resultado,CR7 marcou três gols na goleada por 3x0 sobre a Bolívia na Filadélfia. Aos 41 anos, Ronaldo segue decisivo.,Portugal,J
10,2026-06-14,Croácia assusta na estreia: 4x0 na Nova Zelândia,Copa Pulse News,resultado,Modric comandou o show na vitória por 4x0 sobre a Nova Zelândia. Croácia mostra que ainda é força no futebol mundial.,Croatia,L
11,2026-06-14,Dinamarca goleia Tunísia e lidera provisoriamente o Grupo K,Copa Pulse News,resultado,Eriksen voltou para a Copa e foi decisivo: Dinamarca venceu por 3x0 com gols de Hojlund, Eriksen e Wind.,Denmark,K
12,2026-06-14,Alemanha vence Argélia e estreia bem no Grupo I,Copa Pulse News,resultado,Com pressão total, a Alemanha controlou o Grupo I com vitória por 2x0 sobre a Argélia no AT&T Stadium.,Germany,I
13,2026-06-15,Brasil enfrenta Nigéria amanhã em decisivo confronto do Grupo D,Copa Pulse News,preview,Após a goleada sobre a Arábia Saudita, o Brasil enfrenta a Nigéria no dia 16/06. Vitória consolida a liderança do Grupo D.,Brazil,D
14,2026-06-15,Hoje na Copa: quatro jogos movimentam os grupos A e B,Copa Pulse News,agenda,Os duelos USA x Japão e Marrocos x Uruguai (Grupo A) e México x Colômbia e Sérvia x Costa do Marfim (Grupo B) acontecem hoje.,USA,A
15,2026-06-15,México e Colômbia prometem clássico sul-americano e norte-americano hoje,Copa Pulse News,preview,Com ambas vencendo na estreia, o confronto de hoje entre México e Colômbia é considerado o 'jogo do dia'.,Mexico,B
16,2026-06-15,Vinicius Jr. eleito melhor em campo na vitória do Brasil sobre a Arábia Saudita,Copa Pulse News,destaque,O atacante do Real Madrid foi eleito o melhor em campo na estreia brasileira. Dois gols e uma assistência.,Brazil,D
17,2026-06-15,Mbappé lidera ranking de artilheiros após três dias de Copa,Copa Pulse News,estatistica,Com dois gols na estreia pela França, Mbappé é um dos líderes da artilharia provisória ao lado de CR7 e Vinicius Jr.,France,E
18,2026-06-15,Turquia surpreende com vitória sobre o Equador no Grupo E,Copa Pulse News,analise,A vitória da Turquia por 2x1 sobre o Equador foi uma das surpresas da primeira rodada. Arda Güler foi o herói da partida.,Turkey,E
19,2026-06-14,Uzbequistão empata com Romênia em estreia histórica na Copa,Copa Pulse News,resultado,Estreia histórica do Uzbequistão na Copa do Mundo: empate por 1x1 com a Romênia em Monterrey.,Uzbekistan,J
20,2026-06-13,Equador perde para Turquia em jogo de virada no Grupo E,Copa Pulse News,resultado,O Equador saiu na frente, mas levou a virada turca. Resultado coloca pressão sobre os sul-americanos no Grupo E.,Ecuador,E
21,2026-06-14,Eslováquia vence Honduras com facilidade no Grupo L,Copa Pulse News,resultado,A Eslováquia dominou o Honduras por 2x0 no BMO Field de Toronto. Lobotka foi o comandante da partida.,Slovakia,L
22,2026-06-12,Suíça e Nigéria empatam em jogo equilibrado do Grupo D,Copa Pulse News,resultado,Em jogo de poucas chances, Suíça e Nigéria ficaram no 1x1. Os dois times precisam reagir para não complicar a classificação.,Switzerland,D
23,2026-06-15,Grupos A e B decidem destaques hoje: qual time vai se separar?,Copa Pulse News,analise,Com dois empates no Grupo A e dois resultados divergentes no B, os jogos de hoje definirão quem lidera.,USA,A
24,2026-06-12,Países Baixos vencem Coreia do Sul com facilidade no Grupo C,Copa Pulse News,resultado,Os Países Baixos golearam a Coreia do Sul por 2x0 em Seattle. Van Dijk foi impecável na defesa.,Netherlands,C
25,2026-06-13,Senegal e Escócia empatam sem gols em jogo tenso em Boston,Copa Pulse News,resultado,Jogo duro e sem gols em Boston. Senegal e Escócia ficaram no 0x0 e ambas precisam vencer na próxima rodada.,Senegal,G
